{"entities":{"pages":{"Introduction":{"id":"Introduction","title":"Introduction","url":"introduction.html","level":0,"tabIndex":0},"MongoDB-Installation-and-Setup":{"id":"MongoDB-Installation-and-Setup","title":"MongoDB Installation and Setup (Windows)","url":"mongodb-installation-and-setup.html","level":0,"tabIndex":1},"Working-with-Mongo-CLI":{"id":"Working-with-Mongo-CLI","title":"Working with Mongo CLI","url":"working-with-mongo-cli.html","level":0,"tabIndex":2},"Data-Insertion":{"id":"Data-Insertion","title":"Data Insertion","url":"data-insertion.html","level":0,"tabIndex":3}}},"topLevelIds":["Introduction","MongoDB-Installation-and-Setup","Working-with-Mongo-CLI","Data-Insertion"]}